"zip","population","city","county"
"45011",72971,"Hamilton","Butler"
"43123",66351,"Grove City","Franklin"
"44256",64568,"Medina","Medina"
"43081",64387,"Westerville","Franklin"
"43026",63295,"Hilliard","Franklin"
"43055",62187,"Newark","Licking"
"44035",61921,"Elyria","Lorain"
"43130",61558,"Lancaster","Fairfield"
"44060",60278,"Mentor","Lake"
"43230",58956,"Columbus","Franklin"
"43068",58426,"Reynoldsburg","Franklin"
"44077",57759,"Painesville","Lake"
"45601",56915,"Chillicothe","Ross"
"43015",56671,"Delaware","Delaware"
"45040",56659,"Mason","Warren"
"43228",56440,"Columbus","Franklin"
"43229",55435,"Columbus","Franklin"
"43701",55406,"Zanesville","Muskingum"
"43302",55090,"Marion","Marion"
"45140",54686,"Loveland","Clermont"
"45840",54624,"Findlay","Hancock"
"45069",54521,"West Chester","Butler"
"45044",54339,"Middletown","Butler"
"45013",53463,"Hamilton","Butler"
"44130",51451,"Cleveland","Cuyahoga"
"44107",50900,"Lakewood","Cuyahoga"
"45424",50798,"Dayton","Montgomery"
"44646",48377,"Massillon","Stark"
"45238",48218,"Cincinnati","Hamilton"
"43232",47471,"Columbus","Franklin"
"43207",46038,"Columbus","Franklin"
"44212",45835,"Brunswick","Medina"
"45014",45695,"Fairfield","Butler"
"43224",44877,"Columbus","Franklin"
"44691",44755,"Wooster","Wayne"
"43147",44699,"Pickerington","Fairfield"
"43016",44597,"Dublin","Franklin"
"43065",44363,"Powell","Delaware"
"43235",44036,"Columbus","Franklin"
"43204",43647,"Columbus","Franklin"
"45231",42808,"Cincinnati","Hamilton"
"44102",42640,"Cleveland","Cuyahoga"
"43551",42570,"Perrysburg","Wood"
"44111",42366,"Cleveland","Cuyahoga"
"43017",41569,"Dublin","Franklin"
"45036",41330,"Lebanon","Warren"
"45324",40944,"Fairborn","Greene"
"44118",40881,"Cleveland","Cuyahoga"
"44124",40326,"Cleveland","Cuyahoga"
"44720",40218,"Canton","Stark"
"44870",40018,"Sandusky","Erie"
"43615",39618,"Toledo","Lucas"
"44109",39502,"Cleveland","Cuyahoga"
"44224",39244,"Stow","Summit"
"45385",39178,"Xenia","Greene"
"44203",38940,"Barberton","Summit"
"44240",38844,"Kent","Portage"
"43110",38123,"Canal Winchester","Fairfield"
"44134",37631,"Cleveland","Cuyahoga"
"45211",37399,"Cincinnati","Hamilton"
"45373",37211,"Troy","Miami"
"44094",37049,"Willoughby","Lake"
"45458",36487,"Dayton","Montgomery"
"44122",36212,"Beachwood","Cuyahoga"
"45342",36087,"Miamisburg","Montgomery"
"43213",35954,"Columbus","Franklin"
"43040",35695,"Marysville","Union"
"43221",35172,"Columbus","Franklin"
"44039",35064,"North Ridgeville","Lorain"
"45103",34948,"Batavia","Clermont"
"45701",34895,"Athens","Athens"
"44120",34629,"Cleveland","Cuyahoga"
"44105",34339,"Cleveland","Cuyahoga"
"44145",34049,"Westlake","Cuyahoga"
"43201",33816,"Columbus","Franklin"
"44601",33396,"Alliance","Stark"
"45150",33394,"Milford","Clermont"
"44281",33297,"Wadsworth","Medina"
"43035",33238,"Lewis Center","Delaware"
"43082",33123,"Westerville","Delaware"
"44121",33011,"Cleveland","Cuyahoga"
"44095",32748,"Eastlake","Lake"
"45503",32669,"Springfield","Clark"
"44512",32643,"Youngstown","Mahoning"
"43613",32385,"Toledo","Lucas"
"44070",32371,"North Olmsted","Cuyahoga"
"44266",32210,"Ravenna","Portage"
"43560",32149,"Sylvania","Lucas"
"43219",32130,"Columbus","Franklin"
"44805",32029,"Ashland","Ashland"
"43402",31939,"Bowling Green","Wood"
"43062",31479,"Pataskala","Licking"
"44004",31469,"Ashtabula","Ashtabula"
"45005",31294,"Franklin","Warren"
"44133",31191,"North Royalton","Cuyahoga"
"45215",31022,"Cincinnati","Hamilton"
"43004",30901,"Blacklick","Franklin"
"44312",30769,"Akron","Summit"
"43050",30680,"Mount Vernon","Knox"
"43537",30075,"Maumee","Lucas"
"43420",29798,"Fremont","Sandusky"
"44221",29721,"Cuyahoga Falls","Summit"
"44146",29686,"Bedford","Cuyahoga"
"43614",29394,"Toledo","Lucas"
"44125",29367,"Cleveland","Cuyahoga"
"45365",29325,"Sidney","Shelby"
"43220",29294,"Columbus","Franklin"
"45239",29208,"Cincinnati","Hamilton"
"43209",28867,"Columbus","Franklin"
"44052",28841,"Lorain","Lorain"
"44129",28697,"Cleveland","Cuyahoga"
"43512",28624,"Defiance","Defiance"
"44883",28566,"Tiffin","Seneca"
"43119",28432,"Galloway","Franklin"
"44128",28405,"Cleveland","Cuyahoga"
"44685",28404,"Uniontown","Summit"
"43612",28384,"Toledo","Lucas"
"45240",28312,"Cincinnati","Hamilton"
"45042",28216,"Middletown","Butler"
"43054",28174,"New Albany","Franklin"
"45056",28153,"Oxford","Butler"
"45244",28109,"Cincinnati","Hamilton"
"45039",28089,"Maineville","Warren"
"45417",28059,"Dayton","Montgomery"
"45230",27628,"Cincinnati","Hamilton"
"44515",27620,"Youngstown","Mahoning"
"45459",27616,"Dayton","Montgomery"
"45662",27538,"Portsmouth","Scioto"
"43223",27458,"Columbus","Franklin"
"44313",27342,"Akron","Summit"
"44135",26836,"Cleveland","Cuyahoga"
"45750",26695,"Marietta","Washington"
"45431",26630,"Dayton","Greene"
"45429",26618,"Dayton","Montgomery"
"43085",26575,"Columbus","Franklin"
"43214",26453,"Columbus","Franklin"
"44236",26216,"Hudson","Summit"
"45066",26175,"Springboro","Warren"
"43605",25359,"Toledo","Lucas"
"44136",25179,"Strongsville","Cuyahoga"
"43606",25111,"Toledo","Lucas"
"44460",25080,"Salem","Columbiana"
"44903",25012,"Mansfield","Richland"
"44139",25009,"Solon","Cuyahoga"
"44012",25005,"Avon Lake","Lorain"
"44310",24958,"Akron","Summit"
"44483",24889,"Warren","Trumbull"
"44106",24824,"Cleveland","Cuyahoga"
"43227",24779,"Columbus","Franklin"
"45356",24779,"Piqua","Miami"
"44663",24630,"New Philadelphia","Tuscarawas"
"43113",24585,"Circleville","Pickaway"
"44708",24584,"Canton","Stark"
"44011",24542,"Avon","Lorain"
"44143",24411,"Cleveland","Cuyahoga"
"45236",24349,"Cincinnati","Hamilton"
"45420",24249,"Dayton","Montgomery"
"44024",24211,"Chardon","Geauga"
"45248",24006,"Cincinnati","Hamilton"
"43140",23966,"London","Madison"
"45102",23767,"Amelia","Clermont"
"45805",23726,"Lima","Allen"
"44137",23636,"Maple Heights","Cuyahoga"
"44857",23446,"Norwalk","Huron"
"45133",23369,"Hillsboro","Highland"
"45241",23270,"Cincinnati","Hamilton"
"45247",23246,"Cincinnati","Hamilton"
"44138",23090,"Olmsted Falls","Cuyahoga"
"43231",23066,"Columbus","Franklin"
"44406",22579,"Canfield","Mahoning"
"43211",22553,"Columbus","Franklin"
"45440",22507,"Dayton","Montgomery"
"43206",22488,"Columbus","Franklin"
"45331",22354,"Greenville","Darke"
"44144",22281,"Cleveland","Cuyahoga"
"44087",22195,"Twinsburg","Summit"
"44514",22193,"Youngstown","Mahoning"
"45371",22175,"Tipp City","Miami"
"43212",22160,"Columbus","Franklin"
"44319",22146,"Akron","Summit"
"45177",22011,"Wilmington","Clinton"
"44484",21999,"Warren","Trumbull"
"45242",21992,"Cincinnati","Hamilton"
"43160",21933,"Washington Court House","Fayette"
"44202",21857,"Aurora","Portage"
"45801",21788,"Lima","Allen"
"45255",21752,"Cincinnati","Hamilton"
"44108",21711,"Cleveland","Cuyahoga"
"43920",21686,"East Liverpool","Columbiana"
"45237",21669,"Cincinnati","Hamilton"
"44306",21606,"Akron","Summit"
"44116",21549,"Rocky River","Cuyahoga"
"45224",21504,"Cincinnati","Hamilton"
"45322",21494,"Englewood","Montgomery"
"45212",21424,"Cincinnati","Hamilton"
"44001",21143,"Amherst","Lorain"
"45030",21129,"Harrison","Hamilton"
"45638",21081,"Ironton","Lawrence"
"44149",21046,"Strongsville","Cuyahoga"
"44305",21024,"Akron","Summit"
"45251",20940,"Cincinnati","Hamilton"
"45245",20880,"Cincinnati","Clermont"
"43607",20732,"Toledo","Lucas"
"44131",20650,"Independence","Cuyahoga"
"44053",20588,"Lorain","Lorain"
"43078",20509,"Urbana","Champaign"
"45505",20464,"Springfield","Clark"
"45414",20392,"Dayton","Montgomery"
"43616",20366,"Oregon","Lucas"
"43609",20327,"Toledo","Lucas"
"44446",20241,"Niles","Trumbull"
"43202",20226,"Columbus","Franklin"
"43725",20072,"Cambridge","Guernsey"
"44654",20044,"Millersburg","Holmes"
"44067",20037,"Northfield","Summit"
"43311",19944,"Bellefontaine","Logan"
"45406",19830,"Dayton","Montgomery"
"44147",19820,"Broadview Heights","Cuyahoga"
"43623",19749,"Toledo","Lucas"
"44641",19737,"Louisville","Stark"
"44055",19513,"Lorain","Lorain"
"45219",19436,"Cincinnati","Hamilton"
"44057",19384,"Madison","Lake"
"44511",19380,"Youngstown","Mahoning"
"45405",19363,"Dayton","Montgomery"
"45822",19290,"Celina","Mercer"
"44113",19165,"Cleveland","Cuyahoga"
"44320",19104,"Akron","Summit"
"44333",19031,"Akron","Summit"
"43138",19017,"Logan","Hocking"
"44705",18985,"Canton","Stark"
"45449",18946,"Dayton","Montgomery"
"44112",18945,"Cleveland","Cuyahoga"
"45227",18874,"Cincinnati","Hamilton"
"44023",18842,"Chagrin Falls","Geauga"
"44104",18830,"Cleveland","Cuyahoga"
"44709",18778,"Canton","Stark"
"44017",18724,"Berea","Cuyahoga"
"44622",18705,"Dover","Tuscarawas"
"43611",18635,"Toledo","Lucas"
"44142",18592,"Brookpark","Cuyahoga"
"44278",18577,"Tallmadge","Summit"
"43812",18495,"Coshocton","Coshocton"
"44110",18449,"Cleveland","Cuyahoga"
"44123",18445,"Euclid","Cuyahoga"
"44314",18391,"Akron","Summit"
"45208",18317,"Cincinnati","Hamilton"
"45205",18314,"Cincinnati","Hamilton"
"44223",18240,"Cuyahoga Falls","Summit"
"44647",18209,"Massillon","Stark"
"44830",17974,"Fostoria","Seneca"
"43056",17893,"Heath","Licking"
"45895",17816,"Wapakoneta","Auglaize"
"44241",17549,"Streetsboro","Portage"
"43952",17428,"Steubenville","Jefferson"
"44820",17239,"Bucyrus","Crawford"
"45502",17179,"Springfield","Clark"
"44126",17133,"Cleveland","Cuyahoga"
"44092",16934,"Wickliffe","Lake"
"43064",16900,"Plain City","Madison"
"44410",16861,"Cortland","Trumbull"
"44505",16835,"Youngstown","Mahoning"
"44905",16693,"Mansfield","Richland"
"44022",16675,"Chagrin Falls","Cuyahoga"
"43528",16660,"Holland","Lucas"
"45344",16606,"New Carlisle","Clark"
"44833",16537,"Galion","Crawford"
"43950",16532,"Saint Clairsville","Belmont"
"44906",16461,"Mansfield","Richland"
"45410",16442,"Dayton","Montgomery"
"45504",16397,"Springfield","Clark"
"44706",16315,"Canton","Stark"
"45243",16278,"Cincinnati","Hamilton"
"45419",16262,"Dayton","Montgomery"
"45409",16224,"Dayton","Montgomery"
"44030",16159,"Conneaut","Ashtabula"
"44321",16102,"Akron","Summit"
"44140",16051,"Bay Village","Cuyahoga"
"44062",15858,"Middlefield","Geauga"
"45640",15732,"Jackson","Jackson"
"44485",15625,"Warren","Trumbull"
"44907",15615,"Mansfield","Richland"
"44089",15597,"Vermilion","Erie"
"45320",15508,"Eaton","Preble"
"45891",15330,"Van Wert","Van Wert"
"43215",15317,"Columbus","Franklin"
"45202",15293,"Cincinnati","Hamilton"
"44420",15217,"Girard","Trumbull"
"43074",15057,"Sunbury","Delaware"
"44044",15053,"Grafton","Lorain"
"45233",15024,"Cincinnati","Hamilton"
"45804",14962,"Lima","Allen"
"45067",14879,"Trenton","Butler"
"44103",14797,"Cleveland","Cuyahoga"
"45432",14786,"Dayton","Montgomery"
"43608",14702,"Toledo","Lucas"
"44132",14678,"Euclid","Cuyahoga"
"43506",14620,"Bryan","Williams"
"45377",14614,"Vandalia","Montgomery"
"43023",14574,"Granville","Licking"
"43545",14573,"Napoleon","Henry"
"44904",14389,"Mansfield","Richland"
"45220",14375,"Cincinnati","Hamilton"
"45249",14131,"Cincinnati","Hamilton"
"43452",14011,"Port Clinton","Ottawa"
"44041",14002,"Geneva","Ashtabula"
"45229",13997,"Cincinnati","Hamilton"
"45426",13933,"Dayton","Montgomery"
"45690",13873,"Waverly","Pike"
"44301",13852,"Akron","Summit"
"44141",13836,"Brecksville","Cuyahoga"
"44875",13815,"Shelby","Richland"
"43125",13756,"Groveport","Franklin"
"45152",13689,"Morrow","Warren"
"44667",13643,"Orrville","Wayne"
"45002",13627,"Cleves","Hamilton"
"45506",13624,"Springfield","Clark"
"43031",13549,"Johnstown","Licking"
"44721",13543,"Canton","Stark"
"45246",13530,"Cincinnati","Hamilton"
"45403",13523,"Dayton","Montgomery"
"43558",13392,"Swanton","Fulton"
"44425",13331,"Hubbard","Trumbull"
"45631",13288,"Gallipolis","Gallia"
"44614",13243,"Canal Fulton","Stark"
"43021",13239,"Galena","Delaware"
"44260",13181,"Mogadore","Summit"
"43567",13147,"Wauseon","Fulton"
"45415",13119,"Dayton","Montgomery"
"43210",12962,"Columbus","Franklin"
"43146",12940,"Orient","Pickaway"
"43326",12927,"Kenton","Hardin"
"44119",12921,"Cleveland","Cuyahoga"
"44811",12874,"Bellevue","Huron"
"45885",12791,"Saint Marys","Auglaize"
"44718",12720,"Canton","Stark"
"44432",12655,"Lisbon","Columbiana"
"44054",12642,"Sheffield Lake","Lorain"
"45694",12593,"Wheelersburg","Scioto"
"44839",12576,"Huron","Erie"
"45680",12458,"South Point","Lawrence"
"45434",12371,"Dayton","Montgomery"
"43205",12343,"Columbus","Franklin"
"45223",12237,"Cincinnati","Hamilton"
"45439",12235,"Dayton","Montgomery"
"44056",12083,"Macedonia","Summit"
"45050",12042,"Monroe","Butler"
"43103",11963,"Ashville","Pickaway"
"43953",11928,"Steubenville","Jefferson"
"45015",11838,"Hamilton","Butler"
"45213",11795,"Cincinnati","Hamilton"
"45807",11761,"Lima","Allen"
"45309",11680,"Brookville","Montgomery"
"44074",11648,"Oberlin","Lorain"
"45068",11624,"Waynesville","Warren"
"45122",11514,"Goshen","Clermont"
"45648",11507,"Lucasville","Scioto"
"45106",11492,"Bethel","Clermont"
"44509",11310,"Youngstown","Mahoning"
"45806",11265,"Lima","Auglaize"
"45875",11216,"Ottawa","Putnam"
"45305",11048,"Bellbrook","Greene"
"44090",10920,"Wellington","Lorain"
"44662",10867,"Navarre","Stark"
"45833",10816,"Delphos","Allen"
"44026",10772,"Chesterland","Geauga"
"43351",10748,"Upper Sandusky","Wyandot"
"45404",10715,"Dayton","Montgomery"
"45209",10692,"Cincinnati","Hamilton"
"44890",10679,"Willard","Huron"
"44408",10631,"Columbiana","Columbiana"
"44632",10548,"Hartville","Stark"
"44471",10492,"Struthers","Mahoning"
"45402",10447,"Dayton","Montgomery"
"45157",10320,"New Richmond","Clermont"
"45176",10250,"Williamsburg","Clermont"
"45206",10231,"Cincinnati","Hamilton"
"43338",10163,"Mount Gilead","Morrow"
"44117",9970,"Euclid","Cuyahoga"
"44714",9912,"Canton","Stark"
"45225",9899,"Cincinnati","Hamilton"
"43604",9811,"Toledo","Lucas"
"43410",9805,"Clyde","Sandusky"
"44615",9785,"Carrollton","Carroll"
"45669",9763,"Proctorville","Lawrence"
"44657",9732,"Minerva","Stark"
"44481",9657,"Warren","Trumbull"
"43019",9656,"Fredericktown","Knox"
"44444",9595,"Newton Falls","Trumbull"
"45214",9536,"Cincinnati","Hamilton"
"45107",9497,"Blanchester","Clinton"
"43964",9411,"Toronto","Jefferson"
"44028",9316,"Columbia Station","Lorain"
"44707",9290,"Canton","Stark"
"45216",9209,"Cincinnati","Hamilton"
"43724",9188,"Caldwell","Noble"
"44216",9148,"Clinton","Summit"
"44502",9147,"Youngstown","Mahoning"
"43203",9144,"Columbus","Franklin"
"45714",9127,"Belpre","Washington"
"44681",9081,"Sugarcreek","Tuscarawas"
"45327",9000,"Germantown","Montgomery"
"45121",8997,"Georgetown","Brown"
"44115",8960,"Cleveland","Cuyahoga"
"45693",8911,"West Union","Adams"
"44231",8890,"Garrettsville","Portage"
"44047",8751,"Jefferson","Ashtabula"
"43105",8731,"Baltimore","Fairfield"
"45154",8710,"Mount Orab","Brown"
"45123",8702,"Greenfield","Highland"
"44606",8684,"Apple Creek","Wayne"
"43617",8525,"Toledo","Lucas"
"44710",8424,"Canton","Stark"
"43076",8401,"Thornville","Perry"
"45692",8367,"Wellston","Jackson"
"43449",8330,"Oak Harbor","Ottawa"
"44230",8186,"Doylestown","Wayne"
"43935",8178,"Martins Ferry","Belmont"
"44270",8153,"Rittman","Wayne"
"43566",8128,"Waterville","Lucas"
"43906",8121,"Bellaire","Belmont"
"45232",8080,"Cincinnati","Hamilton"
"44233",8011,"Hinckley","Medina"
"44287",7980,"West Salem","Wayne"
"44703",7961,"Canton","Stark"
"45764",7917,"Nelsonville","Athens"
"44683",7903,"Uhrichsville","Tuscarawas"
"44405",7846,"Campbell","Mahoning"
"43028",7828,"Howard","Knox"
"43764",7808,"New Lexington","Perry"
"44813",7806,"Bellville","Richland"
"45810",7714,"Ada","Hardin"
"44255",7697,"Mantua","Portage"
"43515",7641,"Delta","Fulton"
"45660",7611,"Peebles","Adams"
"43832",7535,"Newcomerstown","Tuscarawas"
"43543",7465,"Montpelier","Williams"
"44303",7434,"Akron","Summit"
"45619",7364,"Chesapeake","Lawrence"
"45207",7363,"Cincinnati","Hamilton"
"45304",7315,"Arcanum","Darke"
"44273",7217,"Seville","Medina"
"44311",7200,"Akron","Summit"
"43011",7200,"Centerburg","Knox"
"44889",7173,"Wakeman","Huron"
"44081",7118,"Perry","Lake"
"43571",7109,"Whitehouse","Lucas"
"44627",7105,"Fredericksburg","Wayne"
"43619",7104,"Northwood","Wood"
"44618",7077,"Dalton","Wayne"
"45661",7042,"Piketon","Pike"
"44413",7024,"East Palestine","Columbiana"
"44114",7004,"Cleveland","Cuyahoga"
"44827",7003,"Crestline","Crawford"
"45335",6996,"Jamestown","Greene"
"43315",6974,"Cardington","Morrow"
"45430",6910,"Dayton","Montgomery"
"44201",6867,"Atwater","Portage"
"44050",6867,"Lagrange","Lorain"
"45828",6866,"Coldwater","Mercer"
"43162",6842,"West Jefferson","Madison"
"43240",6772,"Columbus","Franklin"
"43502",6769,"Archbold","Fulton"
"45656",6729,"Oak Hill","Jackson"
"45204",6680,"Cincinnati","Hamilton"
"43713",6653,"Barnesville","Belmont"
"45345",6555,"New Lebanon","Montgomery"
"44286",6402,"Richfield","Summit"
"45065",6366,"South Lebanon","Warren"
"45663",6359,"West Portsmouth","Scioto"
"45311",6335,"Camden","Preble"
"43334",6329,"Marengo","Morrow"
"45383",6325,"West Milton","Miami"
"45217",6317,"Cincinnati","Hamilton"
"45314",6300,"Cedarville","Greene"
"45769",6276,"Pomeroy","Meigs"
"43316",6251,"Carey","Wyandot"
"43460",6243,"Rossford","Wood"
"45817",6236,"Bluffton","Allen"
"43830",6220,"Nashport","Muskingum"
"44730",6202,"Canton","Stark"
"43912",6175,"Bridgeport","Belmont"
"43968",6068,"Wellsville","Columbiana"
"45879",6054,"Paulding","Paulding"
"45697",6051,"Winchester","Adams"
"45226",5973,"Cincinnati","Hamilton"
"43344",5908,"Richwood","Union"
"44307",5883,"Akron","Summit"
"45380",5852,"Versailles","Darke"
"43938",5810,"Mingo Junction","Jefferson"
"44624",5795,"Dundee","Tuscarawas"
"44021",5706,"Burton","Geauga"
"45381",5692,"West Alexandria","Preble"
"45135",5668,"Leesburg","Highland"
"43465",5664,"Walbridge","Wood"
"43143",5616,"Mount Sterling","Madison"
"45865",5599,"Minster","Auglaize"
"43072",5579,"Saint Paris","Champaign"
"44272",5558,"Rootstown","Portage"
"44612",5516,"Bolivar","Tuscarawas"
"44676",5494,"Shreve","Wayne"
"44902",5458,"Mansfield","Richland"
"45628",5438,"Frankfort","Ross"
"43526",5412,"Hicksville","Defiance"
"45387",5399,"Yellow Springs","Greene"
"44243",5394,"Kent","Portage"
"43783",5340,"Somerset","Perry"
"45830",5332,"Columbus Grove","Putnam"
"45171",5324,"Sardinia","Brown"
"43620",5315,"Toledo","Lucas"
"45651",5304,"Mc Arthur","Vinton"
"44280",5301,"Valley City","Medina"
"43762",5296,"New Concord","Muskingum"
"45318",5254,"Covington","Miami"
"44842",5244,"Loudonville","Ashland"
"43777",5187,"Roseville","Muskingum"
"43756",5185,"Mc Connelsville","Morgan"
"43025",5160,"Hebron","Licking"
"45710",5142,"Albany","Athens"
"45323",5114,"Enon","Clark"
"45252",5111,"Cincinnati","Hamilton"
"43112",5092,"Carroll","Fairfield"
"43044",5087,"Mechanicsburg","Champaign"
"44076",5085,"Orwell","Ashtabula"
"43061",5085,"Ostrander","Delaware"
"45856",5075,"Leipsic","Putnam"
"43947",5072,"Shadyside","Belmont"
"44072",5059,"Novelty","Geauga"
"44504",5031,"Youngstown","Mahoning"
"43907",5028,"Cadiz","Harrison"
"43731",5011,"Crooksville","Perry"
"44438",5007,"Masury","Trumbull"
"44262",4999,"Munroe Falls","Summit"
"44851",4995,"New London","Huron"
"44430",4980,"Leavittsburg","Trumbull"
"43430",4948,"Genoa","Ottawa"
"44003",4926,"Andover","Ashtabula"
"45614",4897,"Bidwell","Gallia"
"45416",4873,"Dayton","Montgomery"
"44254",4867,"Lodi","Medina"
"43822",4862,"Frazeysburg","Muskingum"
"43845",4860,"West Lafayette","Coshocton"
"43431",4840,"Gibsonburg","Sandusky"
"44440",4821,"Mineral Ridge","Trumbull"
"44507",4804,"Youngstown","Mahoning"
"44644",4782,"Malvern","Carroll"
"43403",4775,"Bowling Green","Wood"
"43080",4765,"Utica","Licking"
"44672",4750,"Sebring","Mahoning"
"45338",4741,"Lewisburg","Preble"
"44431",4659,"Leetonia","Columbiana"
"45308",4629,"Bradford","Miami"
"45644",4617,"Kingston","Ross"
"43723",4606,"Byesville","Guernsey"
"45302",4601,"Anna","Shelby"
"44127",4573,"Cleveland","Cuyahoga"
"43610",4505,"Toledo","Lucas"
"44621",4487,"Dennison","Tuscarawas"
"43793",4474,"Woodsfield","Monroe"
"45869",4461,"New Bremen","Auglaize"
"45846",4453,"Fort Recovery","Mercer"
"45169",4432,"Sabina","Clinton"
"43357",4422,"West Liberty","Logan"
"44680",4396,"Strasburg","Tuscarawas"
"44302",4379,"Akron","Summit"
"45612",4335,"Bainbridge","Ross"
"45872",4330,"North Baltimore","Wood"
"43844",4324,"Warsaw","Coshocton"
"45732",4309,"Glouster","Athens"
"43222",4303,"Columbus","Franklin"
"43821",4300,"Dresden","Muskingum"
"45887",4297,"Spencerville","Allen"
"43542",4293,"Monclova","Lucas"
"45368",4215,"South Charleston","Clark"
"45369",4206,"South Vienna","Clark"
"43824",4202,"Fresno","Coshocton"
"43440",4193,"Lakeside Marblehead","Ottawa"
"43331",4147,"Lakeview","Logan"
"44837",4132,"Greenwich","Huron"
"45315",4121,"Clayton","Montgomery"
"45052",4111,"North Bend","Hamilton"
"44470",4107,"Southington","Trumbull"
"44473",4102,"Vienna","Trumbull"
"45130",4083,"Hamersville","Brown"
"44437",4068,"Mc Donald","Trumbull"
"45347",4047,"New Paris","Preble"
"44065",4020,"Newbury","Geauga"
"44084",3993,"Rock Creek","Ashtabula"
"43022",3979,"Gambier","Knox"
"44442",3977,"New Middletown","Mahoning"
"45142",3943,"Lynchburg","Highland"
"43135",3922,"Laurelville","Hocking"
"45113",3916,"Clarksville","Clinton"
"45218",3913,"Cincinnati","Hamilton"
"44643",3913,"Magnolia","Stark"
"43318",3887,"De Graff","Logan"
"45883",3882,"Saint Henry","Mercer"
"43154",3878,"Stoutsville","Fairfield"
"45118",3865,"Fayetteville","Brown"
"43102",3861,"Amanda","Fairfield"
"44234",3834,"Hiram","Portage"
"43804",3833,"Baltic","Tuscarawas"
"43412",3810,"Curtice","Ottawa"
"45159",3765,"New Vienna","Clinton"
"44403",3756,"Brookfield","Trumbull"
"43517",3748,"Edgerton","Williams"
"45341",3736,"Medway","Clark"
"45843",3733,"Forest","Hardin"
"45144",3732,"Manchester","Adams"
"45760",3730,"Middleport","Meigs"
"45053",3707,"Okeana","Butler"
"45831",3706,"Continental","Putnam"
"45686",3704,"Vinton","Gallia"
"44824",3682,"Castalia","Erie"
"43014",3668,"Danville","Knox"
"44847",3663,"Monroeville","Huron"
"45850",3652,"Harrod","Allen"
"45723",3631,"Coolville","Athens"
"44436",3615,"Lowellville","Mahoning"
"44304",3577,"Akron","Summit"
"43450",3572,"Pemberville","Wood"
"45771",3562,"Racine","Meigs"
"44217",3548,"Creston","Wayne"
"45813",3538,"Antwerp","Paulding"
"45652",3497,"Mc Dermott","Scioto"
"45653",3487,"Minford","Scioto"
"43522",3477,"Grand Rapids","Wood"
"43342",3465,"Prospect","Marion"
"43910",3447,"Bloomingdale","Jefferson"
"43046",3445,"Millersport","Fairfield"
"44609",3432,"Beloit","Mahoning"
"43532",3428,"Liberty Center","Henry"
"44846",3419,"Milan","Erie"
"44822",3418,"Butler","Richland"
"45167",3416,"Ripley","Brown"
"44865",3411,"Plymouth","Richland"
"45623",3408,"Crown City","Gallia"
"43570",3386,"West Unity","Williams"
"44452",3383,"North Lima","Mahoning"
"44491",3372,"West Farmington","Trumbull"
"45784",3365,"Vincent","Washington"
"44704",3329,"Canton","Stark"
"43107",3320,"Bremen","Fairfield"
"44253",3291,"Litchfield","Medina"
"45064",3274,"Somerville","Butler"
"45742",3233,"Little Hocking","Washington"
"43943",3227,"Rayland","Jefferson"
"43447",3214,"Millbury","Wood"
"45832",3207,"Convoy","Van Wert"
"45390",3202,"Union City","Darke"
"43557",3201,"Stryker","Williams"
"43787",3200,"Stockport","Morgan"
"44864",3198,"Perrysville","Ashland"
"44085",3195,"Rome","Ashtabula"
"44288",3164,"Windham","Portage"
"44428",3154,"Kinsman","Trumbull"
"44445",3153,"New Waterford","Columbiana"
"43945",3139,"Salineville","Columbiana"
"44040",3086,"Gates Mills","Cuyahoga"
"45613",3082,"Beaver","Pike"
"45370",3080,"Spring Valley","Greene"
"44264",3072,"Peninsula","Summit"
"45845",3062,"Fort Loramie","Shelby"
"44880",3043,"Sullivan","Ashland"
"44878",3028,"Shiloh","Richland"
"44840",3013,"Jeromesville","Ashland"
"45629",3009,"Franklin Furnace","Scioto"
"44451",2995,"North Jackson","Mahoning"
"44645",2995,"Marshallville","Wayne"
"43416",2970,"Elmore","Ottawa"
"45645",2963,"Kitts Hill","Lawrence"
"43314",2943,"Caledonia","Marion"
"43748",2938,"Junction City","Perry"
"43518",2937,"Edon","Williams"
"43917",2934,"Dillonvale","Jefferson"
"43521",2931,"Fayette","Fulton"
"45880",2923,"Payne","Paulding"
"43773",2896,"Quaker City","Guernsey"
"44275",2893,"Spencer","Medina"
"43569",2887,"Weston","Wood"
"44402",2882,"Bristolville","Trumbull"
"44629",2877,"Gnadenhutten","Tuscarawas"
"45054",2837,"Oregonia","Warren"
"44688",2831,"Waynesburg","Stark"
"45203",2828,"Cincinnati","Hamilton"
"45882",2813,"Rockford","Mercer"
"45647",2811,"Londonderry","Ross"
"45844",2808,"Fort Jennings","Putnam"
"43469",2805,"Woodville","Sandusky"
"45786",2797,"Waterford","Washington"
"45780",2791,"The Plains","Athens"
"45659",2788,"Pedro","Lawrence"
"43758",2776,"Malta","Morgan"
"44626",2767,"East Sparta","Stark"
"45679",2763,"Seaman","Adams"
"44506",2762,"Youngstown","Mahoning"
"45658",2754,"Patriot","Gallia"
"45814",2753,"Arlington","Hancock"
"43003",2749,"Ashley","Delaware"
"43310",2734,"Belle Center","Logan"
"43942",2732,"Powhatan Point","Belmont"
"45767",2725,"New Matamoras","Washington"
"43718",2724,"Belmont","Belmont"
"43516",2696,"Deshler","Henry"
"43730",2696,"Corning","Perry"
"43739",2684,"Glenford","Perry"
"43060",2675,"North Lewisburg","Champaign"
"44429",2674,"Lake Milton","Mahoning"
"44843",2667,"Lucas","Richland"
"43149",2654,"Rockbridge","Hocking"
"45120",2639,"Felicity","Clermont"
"44867",2632,"Republic","Seneca"
"45860",2632,"Maria Stein","Mercer"
"44099",2618,"Windsor","Ashtabula"
"43116",2607,"Commercial Point","Pickaway"
"43719",2599,"Bethesda","Belmont"
"44666",2596,"North Lawrence","Stark"
"43001",2586,"Alexandria","Licking"
"45162",2562,"Pleasant Plain","Warren"
"45858",2540,"Mc Comb","Hancock"
"43358",2525,"West Mansfield","Logan"
"45325",2521,"Farmersville","Montgomery"
"44882",2514,"Sycamore","Wyandot"
"44656",2508,"Mineral City","Tuscarawas"
"43324",2503,"Huntsville","Logan"
"44412",2497,"Diamond","Portage"
"44401",2459,"Berlin Center","Mahoning"
"43466",2455,"Wayne","Wood"
"44423",2455,"Hanoverton","Columbiana"
"44836",2435,"Green Springs","Seneca"
"45715",2433,"Beverly","Washington"
"43008",2428,"Buckeye Lake","Licking"
"44611",2425,"Big Prairie","Holmes"
"44859",2418,"Nova","Ashland"
"44633",2406,"Holmesville","Holmes"
"44677",2391,"Smithville","Wayne"
"45724",2382,"Cutler","Washington"
"44608",2367,"Beach City","Stark"
"43150",2367,"Rushville","Fairfield"
"44215",2363,"Chippewa Lake","Medina"
"45384",2348,"Wilberforce","Greene"
"45744",2338,"Lowell","Washington"
"43527",2338,"Holgate","Henry"
"44048",2332,"Kingsville","Ashtabula"
"44214",2325,"Burbank","Wayne"
"43155",2322,"Sugar Grove","Fairfield"
"43944",2317,"Richmond","Jefferson"
"45877",2305,"Pandora","Putnam"
"44849",2303,"Nevada","Wyandot"
"45306",2303,"Botkins","Shelby"
"45874",2302,"Ohio City","Van Wert"
"43973",2295,"Freeport","Harrison"
"44086",2286,"Thompson","Geauga"
"43988",2277,"Scio","Harrison"
"44411",2266,"Deerfield","Portage"
"44637",2255,"Killbuck","Holmes"
"43136",2255,"Lithopolis","Fairfield"
"44818",2254,"Bloomville","Seneca"
"43137",2233,"Lockbourne","Pickaway"
"44046",2231,"Huntsburg","Geauga"
"44814",2224,"Berlin Heights","Erie"
"43164",2222,"Williamsport","Pickaway"
"43340",2210,"Mount Victory","Hardin"
"45303",2209,"Ansonia","Darke"
"43071",2205,"Saint Louisville","Licking"
"44866",2192,"Polk","Ashland"
"45346",2192,"New Madison","Darke"
"43128",2177,"Jeffersonville","Fayette"
"44510",2173,"Youngstown","Mahoning"
"43217",2172,"Columbus","Franklin"
"44443",2159,"New Springfield","Mahoning"
"43771",2157,"Philo","Muskingum"
"44450",2081,"North Bloomfield","Trumbull"
"43977",2062,"Flushing","Belmont"
"45334",2048,"Jackson Center","Shelby"
"43903",2034,"Amsterdam","Jefferson"
"43946",2025,"Sardis","Monroe"
"45174",2023,"Terrace Park","Hamilton"
"43348",2019,"Russells Point","Logan"
"43554",2018,"Pioneer","Williams"
"43145",2017,"New Holland","Pickaway"
"43933",2013,"Jacobsburg","Belmont"
"43009",2008,"Cable","Champaign"
"45827",2002,"Cloverdale","Putnam"
"44441",1990,"Negley","Columbiana"
"45682",1977,"South Webster","Scioto"
"43464",1935,"Vickery","Sandusky"
"43780",1934,"Senecaville","Guernsey"
"45873",1933,"Oakwood","Paulding"
"45775",1925,"Rutland","Meigs"
"45871",1916,"New Knoxville","Auglaize"
"43901",1915,"Adena","Jefferson"
"43734",1912,"Duncan Falls","Muskingum"
"45729",1909,"Fleming","Washington"
"45359",1903,"Pleasant Hill","Miami"
"45896",1901,"Waynesfield","Auglaize"
"43045",1899,"Milford Center","Union"
"44675",1898,"Sherrodsville","Carroll"
"45101",1893,"Aberdeen","Brown"
"45153",1893,"Moscow","Clermont"
"44620",1889,"Dellroy","Carroll"
"43115",1883,"Clarksburg","Ross"
"45812",1876,"Alger","Hardin"
"44082",1874,"Pierpont","Ashtabula"
"44807",1874,"Attica","Seneca"
"45337",1874,"Laura","Miami"
"45634",1873,"Hamden","Vinton"
"43148",1870,"Pleasantville","Fairfield"
"43986",1870,"Jewett","Harrison"
"43360",1861,"Zanesfield","Logan"
"44276",1861,"Sterling","Wayne"
"43443",1858,"Luckey","Wood"
"43837",1854,"Port Washington","Tuscarawas"
"44613",1850,"Brewster","Stark"
"45433",1835,"Dayton","Greene"
"44634",1829,"Homeworth","Columbiana"
"45684",1823,"Stout","Scioto"
"43772",1796,"Pleasant City","Guernsey"
"43749",1787,"Kimbolton","Guernsey"
"43106",1770,"Bloomingburg","Fayette"
"45148",1753,"Midland","Clinton"
"44404",1737,"Burghill","Trumbull"
"45616",1734,"Blue Creek","Adams"
"44308",1723,"Akron","Summit"
"43556",1712,"Sherwood","Defiance"
"43406",1710,"Bradner","Wood"
"45333",1701,"Houston","Shelby"
"43534",1694,"Mc Clure","Henry"
"43755",1687,"Lore City","Guernsey"
"45363",1680,"Russia","Shelby"
"44010",1671,"Austinburg","Ashtabula"
"44669",1666,"Paris","Stark"
"43716",1665,"Beallsville","Monroe"
"45685",1629,"Thurman","Gallia"
"44804",1605,"Arcadia","Hancock"
"45768",1597,"Newport","Washington"
"44455",1583,"Rogers","Columbiana"
"45853",1577,"Kalida","Putnam"
"45681",1575,"South Salem","Ross"
"45889",1573,"Van Buren","Hancock"
"43976",1560,"Hopedale","Harrison"
"45881",1556,"Rawson","Hancock"
"43013",1547,"Croton","Licking"
"44235",1539,"Homerville","Medina"
"44817",1524,"Bloomdale","Wood"
"45657",1496,"Otway","Scioto"
"44449",1495,"North Benton","Mahoning"
"45862",1489,"Mendon","Mercer"
"43760",1485,"Mount Perry","Perry"
"43332",1482,"La Rue","Marion"
"44855",1475,"North Fairfield","Huron"
"44853",1458,"New Riegel","Seneca"
"44064",1447,"Montville","Geauga"
"44854",1445,"New Washington","Crawford"
"43802",1445,"Adamsville","Muskingum"
"45735",1444,"Guysville","Athens"
"45772",1435,"Reedsville","Meigs"
"43747",1434,"Jerusalem","Monroe"
"44826",1432,"Collins","Huron"
"44417",1426,"Farmdale","Trumbull"
"43540",1423,"Metamora","Fulton"
"43732",1421,"Cumberland","Guernsey"
"43533",1418,"Lyons","Fulton"
"43457",1418,"Risingsun","Wood"
"45836",1417,"Dunkirk","Hardin"
"44625",1405,"East Rochester","Columbiana"
"43754",1386,"Lewisville","Monroe"
"43347",1381,"Rushsylvania","Logan"
"45745",1370,"Lower Salem","Washington"
"43549",1368,"Ney","Defiance"
"44682",1354,"Tuscarawas","Tuscarawas"
"44250",1345,"Lakemore","Summit"
"43963",1339,"Tiltonsville","Jefferson"
"45699",1337,"Lucasville","Scioto"
"43728",1330,"Chesterhill","Morgan"
"45761",1325,"Millfield","Athens"
"43727",1323,"Chandlersville","Muskingum"
"44695",1323,"Bowerston","Harrison"
"45326",1316,"Fletcher","Miami"
"45168",1295,"Russellville","Brown"
"43778",1285,"Salesville","Guernsey"
"44032",1284,"Dorset","Ashtabula"
"45146",1279,"Martinsville","Clinton"
"43320",1258,"Edison","Morrow"
"45672",1252,"Ray","Vinton"
"45863",1236,"Middle Point","Van Wert"
"43840",1235,"Stone Creek","Tuscarawas"
"43451",1223,"Portage","Wood"
"45743",1218,"Long Bottom","Meigs"
"45362",1216,"Rossburg","Darke"
"44427",1211,"Kensington","Columbiana"
"44325",1202,"Akron","Summit"
"43067",1199,"Raymond","Union"
"43913",1192,"Brilliant","Jefferson"
"45339",1189,"Ludlow Falls","Miami"
"45766",1189,"New Marshfield","Athens"
"43343",1173,"Quincy","Logan"
"43766",1171,"New Straitsville","Perry"
"43915",1170,"Clarington","Monroe"
"43432",1164,"Graytown","Ottawa"
"44638",1149,"Lakeville","Holmes"
"45321",1139,"Eldorado","Preble"
"44418",1136,"Fowler","Trumbull"
"43524",1126,"Hamler","Henry"
"45382",1124,"West Manchester","Preble"
"43908",1120,"Bergholz","Jefferson"
"43525",1105,"Haskins","Wood"
"43930",1102,"Hammondsville","Jefferson"
"43720",1096,"Blue Rock","Muskingum"
"43511",1083,"Custar","Wood"
"45317",1080,"Conover","Miami"
"44503",1072,"Youngstown","Mahoning"
"43435",1069,"Helena","Sandusky"
"45312",1068,"Casstown","Miami"
"45034",1059,"Kings Mills","Warren"
"45678",1051,"Scottown","Lawrence"
"43504",1050,"Berkey","Lucas"
"43445",1048,"Martin","Ottawa"
"45711",1040,"Amesville","Athens"
"44887",1036,"Tiro","Crawford"
"43066",1033,"Radnor","Delaware"
"45867",1031,"Mount Blanchard","Hancock"
"44628",1028,"Glenmont","Holmes"
"44651",1025,"Mechanicstown","Carroll"
"43462",1012,"Rudolph","Wood"
"43767",1010,"Norwich","Muskingum"
"43319",1010,"East Liberty","Logan"
"43153",1006,"South Solon","Madison"
"43971",1003,"Yorkville","Jefferson"
"43356",1003,"Waldo","Marion"
"45788",1003,"Whipple","Washington"
"45849",991,"Grover Hill","Paulding"
"43413",982,"Cygnet","Wood"
"45876",980,"Ottoville","Putnam"
"44093",978,"Williamsfield","Ashtabula"
"44702",975,"Canton","Stark"
"43345",970,"Ridgeway","Hardin"
"45674",956,"Rio Grande","Gallia"
"44802",952,"Alvada","Seneca"
"43341",946,"New Bloomington","Marion"
"45778",936,"Stewart","Athens"
"45841",936,"Jenera","Hancock"
"43501",932,"Alvordton","Williams"
"43932",927,"Irondale","Jefferson"
"44251",924,"Westfield Center","Medina"
"45770",912,"Portland","Meigs"
"45890",907,"Vanlue","Hancock"
"45868",904,"Mount Cory","Hancock"
"44490",898,"Washingtonville","Columbiana"
"45776",896,"Shade","Athens"
"45654",884,"New Plymouth","Vinton"
"43442",881,"Lindsey","Sandusky"
"43333",872,"Lewistown","Logan"
"45001",869,"Addyston","Hamilton"
"45330",859,"Gratis","Preble"
"43843",842,"Walhonding","Coshocton"
"43337",836,"Morral","Marion"
"45158",827,"Newtonsville","Clermont"
"45348",818,"New Weston","Darke"
"43084",813,"Woodstock","Champaign"
"45727",781,"Dexter City","Noble"
"45695",765,"Wilkesville","Vinton"
"45894",762,"Venedocia","Van Wert"
"45779",760,"Syracuse","Meigs"
"45898",755,"Willshire","Van Wert"
"45388",755,"Yorkshire","Darke"
"43548",753,"New Bavaria","Henry"
"45821",746,"Cecil","Paulding"
"45719",744,"Chauncey","Athens"
"45696",741,"Willow Wood","Lawrence"
"43782",733,"Shawnee","Perry"
"45820",723,"Cairo","Allen"
"43788",720,"Summerfield","Noble"
"44653",719,"Midvale","Tuscarawas"
"43722",719,"Buffalo","Guernsey"
"45062",707,"Seven Mile","Butler"
"43468",702,"Williston","Ottawa"
"45620",694,"Cheshire","Gallia"
"43948",691,"Smithfield","Jefferson"
"44454",690,"Petersburg","Mahoning"
"44815",688,"Bettsville","Seneca"
"44045",680,"Grand River","Lake"
"44841",679,"Kansas","Seneca"
"45332",664,"Hollansburg","Darke"
"43359",663,"Wharton","Wyandot"
"43746",658,"Hopewell","Muskingum"
"45354",656,"Phillipsburg","Montgomery"
"45032",655,"Harveysburg","Warren"
"44101",647,"Cleveland","Cuyahoga"
"43323",646,"Harpster","Wyandot"
"44699",631,"Tippecanoe","Harrison"
"43157",626,"Thurston","Fairfield"
"45160",624,"Owensville","Clermont"
"45851",623,"Haviland","Paulding"
"43811",623,"Conesville","Coshocton"
"45646",599,"Latham","Pike"
"44844",595,"Mc Cutchenville","Wyandot"
"45816",593,"Benton Ridge","Hancock"
"43779",585,"Sarahsville","Noble"
"45886",566,"Scott","Van Wert"
"43152",563,"South Bloomingville","Hocking"
"45328",561,"Gettysburg","Darke"
"43535",557,"Malinta","Henry"
"43407",556,"Burgoon","Sandusky"
"44652",556,"Middlebranch","Stark"
"44689",521,"Wilmot","Stark"
"43547",510,"Neapolis","Lucas"
"45003",508,"College Corner","Butler"
"43033",503,"Kirkersville","Licking"
"43553",501,"Pettisville","Fulton"
"45389",499,"Christiansburg","Champaign"
"45378",497,"Verona","Preble"
"43456",495,"Put In Bay","Ottawa"
"45859",494,"Mc Guffey","Hardin"
"45155",489,"Mowrystown","Highland"
"43768",484,"Old Washington","Guernsey"
"43437",480,"Jerry City","Wood"
"44687",473,"Walnut Creek","Holmes"
"45835",473,"Dola","Hardin"
"43029",468,"Irwin","Union"
"43463",468,"Stony Ridge","Wood"
"45630",467,"Friendship","Scioto"
"43905",463,"Barton","Belmont"
"43005",463,"Bladensburg","Knox"
"45033",460,"Hooven","Hamilton"
"45698",460,"Zaleski","Vinton"
"45716",457,"Buchtel","Athens"
"45870",447,"New Hampshire","Auglaize"
"43002",441,"Amlin","Franklin"
"45360",438,"Port Jefferson","Shelby"
"45782",434,"Trimble","Athens"
"45861",427,"Melrose","Paulding"
"43144",425,"Murray City","Hocking"
"43565",422,"Tontogany","Wood"
"45650",421,"Lynx","Adams"
"43158",416,"Union Furnace","Hocking"
"45741",412,"Langsville","Meigs"
"44439",393,"Mesopotamia","Trumbull"
"45621",389,"Coalton","Jackson"
"45808",384,"Beaverdam","Allen"
"45854",382,"Lafayette","Allen"
"43126",376,"Harrisburg","Franklin"
"43408",376,"Clay Center","Ottawa"
"44661",373,"Nashville","Holmes"
"45051",372,"Mount Saint Joseph","Hamilton"
"43940",368,"Neffs","Belmont"
"43127",367,"Haydenville","Hocking"
"43006",351,"Brinkhaven","Knox"
"43322",349,"Green Camp","Marion"
"45671",348,"Rarden","Scioto"
"43321",346,"Fulton","Morrow"
"45351",346,"Osgood","Darke"
"43458",344,"Rocky Ridge","Ottawa"
"43036",341,"Magnetic Springs","Union"
"43531",339,"Kunkle","Williams"
"45673",337,"Richmond Dale","Ross"
"45111",336,"Camp Dennison","Hamilton"
"43101",335,"Adelphi","Ross"
"43529",330,"Hoytville","Wood"
"43519",328,"Evansport","Defiance"
"45340",326,"Maplewood","Shelby"
"45622",326,"Creola","Vinton"
"44274",325,"Sharon Center","Medina"
"45740",322,"Jacksonville","Athens"
"45734",320,"Graysville","Monroe"
"43983",316,"Piedmont","Belmont"
"45349",314,"North Hampton","Clark"
"45319",313,"Donnelsville","Clark"
"45688",308,"Waterloo","Lawrence"
"45131",307,"Higginsport","Brown"
"43721",305,"Brownsville","Licking"
"45164",302,"Port William","Clinton"
"45361",302,"Potsdam","Miami"
"44874",301,"Savannah","Ashland"
"45358",300,"Pitsburg","Darke"
"45372",299,"Tremont City","Clark"
"45307",299,"Bowersville","Greene"
"45826",297,"Chickasaw","Mercer"
"44639",297,"Leesville","Carroll"
"45172",294,"Sinking Spring","Highland"
"45469",293,"Dayton","Montgomery"
"43961",289,"Stratton","Jefferson"
"43438",289,"Kelleys Island","Erie"
"45888",289,"Uniopolis","Auglaize"
"45428",285,"Dayton","Montgomery"
"45301",276,"Alpha","Greene"
"43939",271,"Mount Pleasant","Jefferson"
"45819",271,"Buckland","Auglaize"
"45636",271,"Haverhill","Scioto"
"43077",265,"Unionville Center","Union"
"44610",264,"Berlin","Holmes"
"43555",262,"Ridgeville Corners","Henry"
"43805",259,"Blissfield","Coshocton"
"45746",259,"Macksburg","Washington"
"43350",242,"Sparta","Morrow"
"43981",241,"New Athens","Harrison"
"45115",241,"Decatur","Brown"
"45147",240,"Miamiville","Clermont"
"44697",240,"Zoar","Tuscarawas"
"43010",239,"Catawba","Clark"
"43985",238,"Holloway","Belmont"
"45783",236,"Tuppers Plains","Meigs"
"44825",233,"Chatfield","Crawford"
"43151",233,"Sedalia","Madison"
"43510",226,"Colton","Henry"
"43735",225,"East Fultonham","Muskingum"
"44678",225,"Somerdale","Tuscarawas"
"43902",223,"Alledonia","Belmont"
"43967",223,"Warnock","Belmont"
"43759",222,"Morristown","Belmont"
"43925",220,"East Springfield","Jefferson"
"44068",219,"North Kingsville","Ashtabula"
"45310",218,"Burkettsville","Mercer"
"45352",217,"Palestine","Darke"
"43740",216,"Gratiot","Licking"
"43030",215,"Jacksontown","Licking"
"43926",209,"Empire","Jefferson"
"44555",206,"Youngstown","Mahoning"
"45132",204,"Highland","Highland"
"43536",204,"Mark Center","Defiance"
"43037",204,"Martinsburg","Knox"
"44640",201,"Limaville","Stark"
"45893",201,"Vaughnsville","Putnam"