zip code,population
45011,"72,971"
43123,"66,351"
44256,"64,568"
43081,"64,387"
43026,"63,295"
43055,"62,187"
44035,"61,921"
43130,"61,558"
44060,"60,278"
43230,"58,956"
43068,"58,426"
44077,"57,759"
45601,"56,915"
43015,"56,671"
45040,"56,659"
43228,"56,440"
43229,"55,435"
43701,"55,406"
43302,"55,090"
45140,"54,686"
45840,"54,624"
45069,"54,521"
45044,"54,339"
45013,"53,463"
44130,"51,451"
44107,"50,900"
45424,"50,798"
44646,"48,377"
45238,"48,218"
43232,"47,471"
43207,"46,038"
44212,"45,835"
45014,"45,695"
43224,"44,877"
44691,"44,755"
43147,"44,699"
43016,"44,597"
43065,"44,363"
43235,"44,036"
43204,"43,647"
45231,"42,808"
44102,"42,640"
43551,"42,570"
44111,"42,366"
43017,"41,569"
45036,"41,330"
45324,"40,944"
44118,"40,881"
44124,"40,326"
44720,"40,218"
44870,"40,018"
43615,"39,618"
44109,"39,502"
44224,"39,244"
45385,"39,178"
44203,"38,940"
44240,"38,844"
43110,"38,123"
44134,"37,631"
45211,"37,399"
45373,"37,211"
44094,"37,049"
45458,"36,487"
44122,"36,212"
45342,"36,087"
43213,"35,954"
43040,"35,695"
43221,"35,172"
44039,"35,064"
45103,"34,948"
45701,"34,895"
44120,"34,629"
44105,"34,339"
44145,"34,049"
43201,"33,816"
44601,"33,396"
45150,"33,394"
44281,"33,297"
43035,"33,238"
43082,"33,123"
44121,"33,011"
44095,"32,748"
45503,"32,669"
44512,"32,643"
43613,"32,385"
44070,"32,371"
44266,"32,210"
43560,"32,149"
43219,"32,130"
44805,"32,029"
43402,"31,939"
43062,"31,479"
44004,"31,469"
45005,"31,294"
44133,"31,191"
45215,"31,022"
43004,"30,901"
44312,"30,769"
43050,"30,680"
43537,"30,075"
43420,"29,798"
44221,"29,721"
44146,"29,686"
43614,"29,394"
44125,"29,367"
45365,"29,325"
43220,"29,294"
45239,"29,208"
43209,"28,867"
44052,"28,841"
44129,"28,697"
43512,"28,624"
44883,"28,566"
43119,"28,432"
44128,"28,405"
44685,"28,404"
43612,"28,384"
45240,"28,312"
45042,"28,216"
43054,"28,174"
45056,"28,153"
45244,"28,109"
45039,"28,089"
45417,"28,059"
45230,"27,628"
44515,"27,620"
45459,"27,616"
45662,"27,538"
43223,"27,458"
44313,"27,342"
44135,"26,836"
45750,"26,695"
45431,"26,630"
45429,"26,618"
43085,"26,575"
43214,"26,453"
44236,"26,216"
45066,"26,175"
43605,"25,359"
44136,"25,179"
43606,"25,111"
44460,"25,080"
44903,"25,012"
44139,"25,009"
44012,"25,005"
44310,"24,958"
44483,"24,889"
44106,"24,824"
43227,"24,779"
45356,"24,779"
44663,"24,630"
43113,"24,585"
44708,"24,584"
44011,"24,542"
44143,"24,411"
45236,"24,349"
45420,"24,249"
44024,"24,211"
45248,"24,006"
43140,"23,966"
45102,"23,767"
45805,"23,726"
44137,"23,636"
44857,"23,446"
45133,"23,369"
45241,"23,270"
45247,"23,246"
44138,"23,090"
43231,"23,066"
44406,"22,579"
43211,"22,553"
45440,"22,507"
43206,"22,488"
45331,"22,354"
44144,"22,281"
44087,"22,195"
44514,"22,193"
45371,"22,175"
43212,"22,160"
44319,"22,146"
45177,"22,011"
44484,"21,999"
45242,"21,992"
43160,"21,933"
44202,"21,857"
45801,"21,788"
45255,"21,752"
44108,"21,711"
43920,"21,686"
45237,"21,669"
44306,"21,606"
44116,"21,549"
45224,"21,504"
45322,"21,494"
45212,"21,424"
44001,"21,143"
45030,"21,129"
45638,"21,081"
44149,"21,046"
44305,"21,024"
45251,"20,940"
45245,"20,880"
43607,"20,732"
44131,"20,650"
44053,"20,588"
43078,"20,509"
45505,"20,464"
45414,"20,392"
43616,"20,366"
43609,"20,327"
44446,"20,241"
43202,"20,226"
43725,"20,072"
44654,"20,044"
44067,"20,037"
43311,"19,944"
45406,"19,830"
44147,"19,820"
43623,"19,749"
44641,"19,737"
44055,"19,513"
45219,"19,436"
44057,"19,384"
44511,"19,380"
45405,"19,363"
45822,"19,290"
44113,"19,165"
44320,"19,104"
44333,"19,031"
43138,"19,017"
44705,"18,985"
45449,"18,946"
44112,"18,945"
45227,"18,874"
44023,"18,842"
44104,"18,830"
44709,"18,778"
44017,"18,724"
44622,"18,705"
43611,"18,635"
44142,"18,592"
44278,"18,577"
43812,"18,495"
44110,"18,449"
44123,"18,445"
44314,"18,391"
45208,"18,317"
45205,"18,314"
44223,"18,240"
44647,"18,209"
44830,"17,974"
43056,"17,893"
45895,"17,816"
44241,"17,549"
43952,"17,428"
44820,"17,239"
45502,"17,179"
44126,"17,133"
44092,"16,934"
43064,"16,900"
44410,"16,861"
44505,"16,835"
44905,"16,693"
44022,"16,675"
43528,"16,660"
45344,"16,606"
44833,"16,537"
43950,"16,532"
44906,"16,461"
45410,"16,442"
45504,"16,397"
44706,"16,315"
45243,"16,278"
45419,"16,262"
45409,"16,224"
44030,"16,159"
44321,"16,102"
44140,"16,051"
44062,"15,858"
45640,"15,732"
44485,"15,625"
44907,"15,615"
44089,"15,597"
45320,"15,508"
45891,"15,330"
43215,"15,317"
45202,"15,293"
44420,"15,217"
43074,"15,057"
44044,"15,053"
45233,"15,024"
45804,"14,962"
45067,"14,879"
44103,"14,797"
45432,"14,786"
43608,"14,702"
44132,"14,678"
43506,"14,620"
45377,"14,614"
43023,"14,574"
43545,"14,573"
44904,"14,389"
45220,"14,375"
45249,"14,131"
43452,"14,011"
44041,"14,002"
45229,"13,997"
45426,"13,933"
45690,"13,873"
44301,"13,852"
44141,"13,836"
44875,"13,815"
43125,"13,756"
45152,"13,689"
44667,"13,643"
45002,"13,627"
45506,"13,624"
43031,"13,549"
44721,"13,543"
45246,"13,530"
45403,"13,523"
43558,"13,392"
44425,"13,331"
45631,"13,288"
44614,"13,243"
43021,"13,239"
44260,"13,181"
43567,"13,147"
45415,"13,119"
43210,"12,962"
43146,"12,940"
43326,"12,927"
44119,"12,921"
44811,"12,874"
45885,"12,791"
44718,"12,720"
44432,"12,655"
44054,"12,642"
45694,"12,593"
44839,"12,576"
45680,"12,458"
45434,"12,371"
43205,"12,343"
45223,"12,237"
45439,"12,235"
44056,"12,083"
45050,"12,042"
43103,"11,963"
43953,"11,928"
45015,"11,838"
45213,"11,795"
45807,"11,761"
45309,"11,680"
44074,"11,648"
45068,"11,624"
45122,"11,514"
45648,"11,507"
45106,"11,492"
44509,"11,310"
45806,"11,265"
45875,"11,216"
45305,"11,048"
44090,"10,920"
44662,"10,867"
45833,"10,816"
44026,"10,772"
43351,"10,748"
45404,"10,715"
45209,"10,692"
44890,"10,679"
44408,"10,631"
44632,"10,548"
44471,"10,492"
45402,"10,447"
45157,"10,320"
45176,"10,250"
45206,"10,231"
43338,"10,163"
44117,"9,970"
44714,"9,912"
45225,"9,899"
43604,"9,811"
43410,"9,805"
44615,"9,785"
45669,"9,763"
44657,"9,732"
44481,"9,657"
43019,"9,656"
44444,"9,595"
45214,"9,536"
45107,"9,497"
43964,"9,411"
44028,"9,316"
44707,"9,290"
45216,"9,209"
43724,"9,188"
44216,"9,148"
44502,"9,147"
43203,"9,144"
45714,"9,127"
44681,"9,081"
45327,"9,000"
45121,"8,997"
44115,"8,960"
45693,"8,911"
44231,"8,890"
44047,"8,751"
43105,"8,731"
45154,"8,710"
45123,"8,702"
44606,"8,684"
43617,"8,525"
44710,"8,424"
43076,"8,401"
45692,"8,367"
43449,"8,330"
44230,"8,186"
43935,"8,178"
44270,"8,153"
43566,"8,128"
43906,"8,121"
45232,"8,080"
44233,"8,011"
44287,"7,980"
44703,"7,961"
45764,"7,917"
44683,"7,903"
44405,"7,846"
43028,"7,828"
43764,"7,808"
44813,"7,806"
45810,"7,714"
44255,"7,697"
43515,"7,641"
45660,"7,611"
43832,"7,535"
43543,"7,465"
44303,"7,434"
45619,"7,364"
45207,"7,363"
45304,"7,315"
44273,"7,217"
43011,"7,200"
44311,"7,200"
44889,"7,173"
44081,"7,118"
43571,"7,109"
44627,"7,105"
43619,"7,104"
44618,"7,077"
45661,"7,042"
44413,"7,024"
44114,"7,004"
44827,"7,003"
45335,"6,996"
43315,"6,974"
45430,"6,910"
44201,"6,867"
44050,"6,867"
45828,"6,866"
43162,"6,842"
43240,"6,772"
43502,"6,769"
45656,"6,729"
45204,"6,680"
43713,"6,653"
45345,"6,555"
44286,"6,402"
45065,"6,366"
45663,"6,359"
45311,"6,335"
43334,"6,329"
45383,"6,325"
45217,"6,317"
45314,"6,300"
45769,"6,276"
43316,"6,251"
43460,"6,243"
45817,"6,236"
43830,"6,220"
44730,"6,202"
43912,"6,175"
43968,"6,068"
45879,"6,054"
45697,"6,051"
45226,"5,973"
43344,"5,908"
44307,"5,883"
45380,"5,852"
43938,"5,810"
44624,"5,795"
44021,"5,706"
45381,"5,692"
45135,"5,668"
43465,"5,664"
43143,"5,616"
45865,"5,599"
43072,"5,579"
44272,"5,558"
44612,"5,516"
44676,"5,494"
44902,"5,458"
45628,"5,438"
43526,"5,412"
45387,"5,399"
44243,"5,394"
43783,"5,340"
45830,"5,332"
45171,"5,324"
43620,"5,315"
45651,"5,304"
44280,"5,301"
43762,"5,296"
45318,"5,254"
44842,"5,244"
43777,"5,187"
43756,"5,185"
43025,"5,160"
45710,"5,142"
45323,"5,114"
45252,"5,111"
43112,"5,092"
43044,"5,087"
43061,"5,085"
44076,"5,085"
45856,"5,075"
43947,"5,072"
44072,"5,059"
44504,"5,031"
43907,"5,028"
43731,"5,011"
44438,"5,007"
44262,"4,999"
44851,"4,995"
44430,"4,980"
43430,"4,948"
44003,"4,926"
45614,"4,897"
45416,"4,873"
44254,"4,867"
43822,"4,862"
43845,"4,860"
43431,"4,840"
44440,"4,821"
44507,"4,804"
44644,"4,782"
43403,"4,775"
43080,"4,765"
44672,"4,750"
45338,"4,741"
44431,"4,659"
45308,"4,629"
45644,"4,617"
43723,"4,606"
45302,"4,601"
44127,"4,573"
43610,"4,505"
44621,"4,487"
43793,"4,474"
45869,"4,461"
45846,"4,453"
45169,"4,432"
43357,"4,422"
44680,"4,396"
44302,"4,379"
45612,"4,335"
45872,"4,330"
43844,"4,324"
45732,"4,309"
43222,"4,303"
43821,"4,300"
45887,"4,297"
43542,"4,293"
45368,"4,215"
45369,"4,206"
43824,"4,202"
43440,"4,193"
43331,"4,147"
44837,"4,132"
45315,"4,121"
45052,"4,111"
44470,"4,107"
44473,"4,102"
45130,"4,083"
44437,"4,068"
45347,"4,047"
44065,"4,020"
44084,"3,993"
43022,"3,979"
44442,"3,977"
45142,"3,943"
43135,"3,922"
45113,"3,916"
44643,"3,913"
45218,"3,913"
43318,"3,887"
45883,"3,882"
43154,"3,878"
45118,"3,865"
43102,"3,861"
44234,"3,834"
43804,"3,833"
43412,"3,810"
45159,"3,765"
44403,"3,756"
43517,"3,748"
45341,"3,736"
45843,"3,733"
45144,"3,732"
45760,"3,730"
45053,"3,707"
45831,"3,706"
45686,"3,704"
44824,"3,682"
43014,"3,668"
44847,"3,663"
45850,"3,652"
45723,"3,631"
44436,"3,615"
44304,"3,577"
43450,"3,572"
45771,"3,562"
44217,"3,548"
45813,"3,538"
45652,"3,497"
45653,"3,487"
43522,"3,477"
43342,"3,465"
43910,"3,447"
43046,"3,445"
44609,"3,432"
43532,"3,428"
44846,"3,419"
44822,"3,418"
45167,"3,416"
44865,"3,411"
45623,"3,408"
43570,"3,386"
44452,"3,383"
44491,"3,372"
45784,"3,365"
44704,"3,329"
43107,"3,320"
44253,"3,291"
45064,"3,274"
45742,"3,233"
43943,"3,227"
43447,"3,214"
45832,"3,207"
45390,"3,202"
43557,"3,201"
43787,"3,200"
44864,"3,198"
44085,"3,195"
44288,"3,164"
44428,"3,154"
44445,"3,153"
43945,"3,139"
44040,"3,086"
45613,"3,082"
45370,"3,080"
44264,"3,072"
45845,"3,062"
44880,"3,043"
44878,"3,028"
44840,"3,013"
45629,"3,009"
44451,"2,995"
44645,"2,995"
43416,"2,970"
45645,"2,963"
43314,"2,943"
43748,"2,938"
43518,"2,937"
43917,"2,934"
43521,"2,931"
45880,"2,923"
43773,"2,896"
44275,"2,893"
43569,"2,887"
44402,"2,882"
44629,"2,877"
45054,"2,837"
44688,"2,831"
45203,"2,828"
45882,"2,813"
45647,"2,811"
45844,"2,808"
43469,"2,805"
45786,"2,797"
45780,"2,791"
45659,"2,788"
43758,"2,776"
44626,"2,767"
45679,"2,763"
44506,"2,762"
45658,"2,754"
45814,"2,753"
43003,"2,749"
43310,"2,734"
43942,"2,732"
45767,"2,725"
43718,"2,724"
43516,"2,696"
43730,"2,696"
43739,"2,684"
43060,"2,675"
44429,"2,674"
44843,"2,667"
43149,"2,654"
45120,"2,639"
44867,"2,632"
45860,"2,632"
44099,"2,618"
43116,"2,607"
43719,"2,599"
44666,"2,596"
43001,"2,586"
45162,"2,562"
45858,"2,540"
43358,"2,525"
45325,"2,521"
44882,"2,514"
44656,"2,508"
43324,"2,503"
44412,"2,497"
44401,"2,459"
44423,"2,455"
43466,"2,455"
44836,"2,435"
45715,"2,433"
43008,"2,428"
44611,"2,425"
44859,"2,418"
44633,"2,406"
44677,"2,391"
45724,"2,382"
44608,"2,367"
43150,"2,367"
44215,"2,363"
45384,"2,348"
43527,"2,338"
45744,"2,338"
44048,"2,332"
44214,"2,325"
43155,"2,322"
43944,"2,317"
45877,"2,305"
44849,"2,303"
45306,"2,303"
45874,"2,302"
43973,"2,295"
44086,"2,286"
43988,"2,277"
44411,"2,266"
44637,"2,255"
43136,"2,255"
44818,"2,254"
43137,"2,233"
44046,"2,231"
44814,"2,224"
43164,"2,222"
43340,"2,210"
45303,"2,209"
43071,"2,205"
45346,"2,192"
44866,"2,192"
43128,"2,177"
44510,"2,173"
43217,"2,172"
44443,"2,159"
43771,"2,157"
44450,"2,081"
43977,"2,062"
45334,"2,048"
43903,"2,034"
43946,"2,025"
45174,"2,023"
43348,"2,019"
43554,"2,018"
43145,"2,017"
43933,"2,013"
43009,"2,008"
45827,"2,002"
44441,"1,990"
45682,"1,977"
43464,"1,935"
43780,"1,934"
45873,"1,933"
45775,"1,925"
45871,"1,916"
43901,"1,915"
43734,"1,912"
45729,"1,909"
45359,"1,903"
45896,"1,901"
43045,"1,899"
44675,"1,898"
45101,"1,893"
45153,"1,893"
44620,"1,889"
43115,"1,883"
45812,"1,876"
45337,"1,874"
44807,"1,874"
44082,"1,874"
45634,"1,873"
43986,"1,870"
43148,"1,870"
43360,"1,861"
44276,"1,861"
43443,"1,858"
43837,"1,854"
44613,"1,850"
45433,"1,835"
44634,"1,829"
45684,"1,823"
43772,"1,796"
43749,"1,787"
43106,"1,770"
45148,"1,753"
44404,"1,737"
45616,"1,734"
44308,"1,723"
43556,"1,712"
43406,"1,710"
45333,"1,701"
43534,"1,694"
43755,"1,687"
45363,"1,680"
44010,"1,671"
44669,"1,666"
43716,"1,665"
45685,"1,629"
44804,"1,605"
45768,"1,597"
44455,"1,583"
45853,"1,577"
45681,"1,575"
45889,"1,573"
43976,"1,560"
45881,"1,556"
43013,"1,547"
44235,"1,539"
44817,"1,524"
45657,"1,496"
44449,"1,495"
45862,"1,489"
43760,"1,485"
43332,"1,482"
44855,"1,475"
44853,"1,458"
44064,"1,447"
43802,"1,445"
44854,"1,445"
45735,"1,444"
45772,"1,435"
43747,"1,434"
44826,"1,432"
44417,"1,426"
43540,"1,423"
43732,"1,421"
43457,"1,418"
43533,"1,418"
45836,"1,417"
44625,"1,405"
43754,"1,386"
43347,"1,381"
45745,"1,370"
43549,"1,368"
44682,"1,354"
44250,"1,345"
43963,"1,339"
45699,"1,337"
43728,"1,330"
45761,"1,325"
44695,"1,323"
43727,"1,323"
45326,"1,316"
45168,"1,295"
43778,"1,285"
44032,"1,284"
45146,"1,279"
43320,"1,258"
45672,"1,252"
45863,"1,236"
43840,"1,235"
43451,"1,223"
45743,"1,218"
45362,"1,216"
44427,"1,211"
44325,"1,202"
43067,"1,199"
43913,"1,192"
45766,"1,189"
45339,"1,189"
43343,"1,173"
43766,"1,171"
43915,"1,170"
43432,"1,164"
44638,"1,149"
45321,"1,139"
44418,"1,136"
43524,"1,126"
45382,"1,124"
43908,"1,120"
43525,"1,105"
43930,"1,102"
43720,"1,096"
43511,"1,083"
45317,"1,080"
44503,"1,072"
43435,"1,069"
45312,"1,068"
45034,"1,059"
45678,"1,051"
43504,"1,050"
43445,"1,048"
45711,"1,040"
44887,"1,036"
43066,"1,033"
45867,"1,031"
44628,"1,028"
44651,"1,025"
43462,"1,012"
43767,"1,010"
43319,"1,010"
43153,"1,006"
43971,"1,003"
43356,"1,003"
45788,"1,003"
45849,991
43413,982
45876,980
44093,978
44702,975
43345,970
45674,956
44802,952
43341,946
45841,936
45778,936
43501,932
43932,927
44251,924
45770,912
45890,907
45868,904
44490,898
45776,896
45654,884
43442,881
43333,872
45001,869
45330,859
43843,842
43337,836
45158,827
45348,818
43084,813
45727,781
45695,765
45894,762
45779,760
45898,755
45388,755
43548,753
45821,746
45719,744
45696,741
43782,733
45820,723
43788,720
44653,719
43722,719
45062,707
43468,702
45620,694
43948,691
44454,690
44815,688
44045,680
44841,679
45332,664
43359,663
43746,658
45354,656
45032,655
44101,647
43323,646
44699,631
43157,626
45160,624
43811,623
45851,623
45646,599
44844,595
45816,593
43779,585
45886,566
43152,563
45328,561
43535,557
43407,556
44652,556
44689,521
43547,510
45003,508
43033,503
43553,501
45389,499
45378,497
43456,495
45859,494
45155,489
43768,484
43437,480
45835,473
44687,473
43463,468
43029,468
45630,467
43005,463
43905,463
45033,460
45698,460
45716,457
45870,447
43002,441
45360,438
45782,434
45861,427
43144,425
43565,422
45650,421
43158,416
45741,412
44439,393
45621,389
45808,384
45854,382
43126,376
43408,376
44661,373
45051,372
43940,368
43127,367
43006,351
43322,349
45671,348
43321,346
45351,346
43458,344
43036,341
43531,339
45673,337
45111,336
43101,335
43529,330
43519,328
45340,326
45622,326
44274,325
45740,322
45734,320
43983,316
45349,314
45319,313
45688,308
45131,307
43721,305
45164,302
45361,302
44874,301
45358,300
45307,299
45372,299
44639,297
45826,297
45172,294
45469,293
45888,289
43961,289
43438,289
45428,285
45301,276
45819,271
43939,271
45636,271
43077,265
44610,264
43555,262
45746,259
43805,259
43350,242
45115,241
43981,241
44697,240
45147,240
43010,239
43985,238
45783,236
44825,233
43151,233
43510,226
44678,225
43735,225
43902,223
43967,223
43759,222
43925,220
44068,219
45310,218
45352,217
43740,216
43030,215
43926,209
44555,206
45132,204
43037,204
43536,204
44640,201
45893,201
43791,198
44049,198
45353,197
43156,193
44856,190
43934,189
43842,188
43027,188
45899,188
44665,186
43414,181
44838,176
43317,175
44828,169
44861,167
45884,166
43931,165
45864,165
45855,164
43109,162
44619,155
43541,155
44630,152
43434,150
45055,149
45789,147
44080,145
45773,142
44659,140
43717,140
45041,130
45435,130
43928,130
44493,130
45316,128
44671,126
44809,126
43750,118
45070,115
43836,115
44660,112
43142,112
43325,111
44285,107
43738,106
43467,102
43972,102
45838,100
45848,99
45866,99
43761,99
44881,98
43111,94
45897,94
45815,91
43505,88
44690,86
45336,85
44607,85
45809,83
43974,83
45156,78
43786,78
43446,78
43962,74
43951,71
43346,70
45166,69
43117,69
43070,69
43733,64
43711,63
45105,62
45350,59
43330,56
45677,56
43439,55
44424,54
43018,48
43523,47
43007,47
43433,45
45739,45
44670,42
44693,41
43909,39
45112,37
45721,33
44850,29
43914,29
43520,23
43047,22
43736,22
45267,4